{"stats":{"minecraft:killed_by":{"jujutsucraft:sukuna_fushiguro":1,"jujutsucraft:sukuna_perfect":6,"minecraft:player":3,"jujutsucraft:mahito":1,"jujutsucraft:sukuna":1},"minecraft:killed":{"jujutsucraft:ember_insect":8,"jujutsucraft:eight_handled_swrod_divergent_sila_divine_general_mahoraga":2,"jujutsucraft:nue":1,"jujutsucraft:max_elephant":1,"jujutsucraft:tiger_funeral":1,"minecraft:rabbit":1,"jujutsucraft:piercing_ox":1,"jujutsucraft:round_deer":1,"jujutsucraft:great_serpent":1,"jujutsucraft:toad":1,"jujutsucraft:rabbit_escape":38,"minecraft:warden":1},"minecraft:dropped":{"jujutsucraft:weapon_nanami":1,"jujutsucraft:item_master_six_eyes":2,"jujutsucraft:cursed_technique_changer":8,"jujutsucraft:item_master_falling_blossom_emotion":1,"jujutsucraft:clothes_nanami_leggings":1,"jujutsucraft:clothes_nanami_helmet":2,"jujutsucraft:item_insect":1,"jujutsucraft:recommendation_2":1,"jujutsucraft:recommendation_1":6,"jujutsucraft:item_master_domain_expansion":1,"jujutsucraft:item_master_domain_amplification":1,"minecraft:snowball":3,"jujutsucraft:clothes_miguel_chestplate":1,"jujutsucraft:uniform_normal_boots":1,"jujutsucraft:item_master_reverse_cursed_technique":2,"jujutsucraft:clothes_nanami_chestplate":1},"minecraft:mined":{"minecraft:jungle_sign":1,"minecraft:grass_block":4,"minecraft:grass":2,"minecraft:dirt":2},"minecraft:picked_up":{"jujutsucraft:mahoraga_body_helmet":1,"jujutsucraft:uniform_normal_boots":1,"jujutsucraft:cursed_technique_changer":1,"minecraft:enchanted_book":2,"jujutsucraft:charles_bernard_spawn_egg":1,"scalinghealth:heart_crystal":2,"minecraft:dirt":7,"minecraft:disc_fragment_5":1,"jujutsucraft:uniform_normal_leggings":1,"minecraft:echo_shard":1,"minecraft:enchanted_golden_apple":64,"minecraft:sculk_catalyst":1,"jujutsucraft:item_insect":1,"minecraft:sculk":5,"jujutsucraft:clothes_nanami_helmet":1,"jujutsucraft:tiger_funeral_spawn_egg":1,"jujutsucraft:uniform_normal_chestplate":1,"jujutsucraft:takaba_fumihiko_spawn_egg":1,"minecraft:soul_lantern":1,"jujutsucraft:uraume_spawn_egg":1,"jujutsucraft:clothes_miguel_chestplate":1,"minecraft:saddle":1,"scalinghealth:cursed_heart":1,"minecraft:glow_berries":3,"minecraft:coal":3,"minecraft:snowball":7},"minecraft:custom":{"minecraft:mob_kills":57,"minecraft:damage_dealt_resisted":36758,"minecraft:leave_game":11,"minecraft:time_since_death":1637,"minecraft:damage_resisted":88844,"minecraft:time_since_rest":1690,"minecraft:sprint_one_cm":427862,"minecraft:walk_one_cm":450605,"minecraft:damage_taken":26308,"minecraft:damage_absorbed":160,"minecraft:drop":33,"minecraft:damage_dealt":48,"minecraft:swim_one_cm":5963,"minecraft:fly_one_cm":1621105,"minecraft:player_kills":10,"minecraft:crouch_one_cm":25674,"minecraft:play_time":127582,"minecraft:deaths":22,"minecraft:sneak_time":6986,"minecraft:walk_under_water_one_cm":2721,"minecraft:jump":2259,"minecraft:walk_on_water_one_cm":6772,"minecraft:total_world_time":127582,"minecraft:fall_one_cm":157191},"minecraft:used":{"jujutsucraft:hiten":1,"minecraft:dirt":1,"jujutsucraft:sukuna_finger":21,"scalinghealth:heart_crystal":2,"jujutsucraft:clothes_fushiguro_toji_leggings":1,"minecraft:snowball":4,"jujutsucraft:clothes_zenin_boots":1,"jujutsucraft:hair_fushiguro_megumi_helmet":1,"jujutsucraft:clothes_sukuna_fushiguro_chestplate":1,"jujutsucraft:zenin_naoya_cursed_spirit_1_spawn_egg":1,"minecraft:enchanted_golden_apple":1,"minecraft:sculk_catalyst":1}},"DataVersion":3465}