{"stats":{"minecraft:killed_by":{"jujutsucraft:mahito":1},"minecraft:dropped":{"jujutsucraft:cursed_technique_changer":1},"minecraft:mined":{"minecraft:grass":1,"minecraft:grass_block":4,"minecraft:dirt":2,"minecraft:jungle_sign":1},"minecraft:picked_up":{"jujutsucraft:uniform_normal_leggings":1,"jujutsucraft:item_insect":1,"jujutsucraft:uniform_normal_boots":1,"jujutsucraft:cursed_technique_changer":1,"jujutsucraft:tiger_funeral_spawn_egg":1,"jujutsucraft:uniform_normal_chestplate":1,"jujutsucraft:charles_bernard_spawn_egg":1,"jujutsucraft:takaba_fumihiko_spawn_egg":1,"minecraft:dirt":6},"minecraft:custom":{"minecraft:time_since_rest":3500,"minecraft:crouch_one_cm":1222,"minecraft:sprint_one_cm":5015,"minecraft:play_time":10977,"minecraft:deaths":1,"minecraft:damage_taken":933,"minecraft:walk_one_cm":32277,"minecraft:sneak_time":302,"minecraft:drop":1,"minecraft:damage_dealt_resisted":33,"minecraft:jump":97,"minecraft:damage_dealt":48,"minecraft:leave_game":1,"minecraft:time_since_death":3455,"minecraft:total_world_time":10977,"minecraft:fly_one_cm":56693,"minecraft:fall_one_cm":1883}},"DataVersion":3465}