{"stats":{"minecraft:killed_by":{"jujutsucraft:sukuna_fushiguro":1,"minecraft:player":3,"jujutsucraft:sukuna_perfect":6,"jujutsucraft:sukuna":1,"jujutsucraft:mahito":1},"minecraft:killed":{"jujutsucraft:ember_insect":8,"minecraft:rabbit":1},"minecraft:dropped":{"jujutsucraft:weapon_nanami":1,"jujutsucraft:item_insect":1,"jujutsucraft:recommendation_2":1,"jujutsucraft:recommendation_1":6,"jujutsucraft:item_master_six_eyes":2,"jujutsucraft:item_master_domain_expansion":1,"jujutsucraft:item_master_domain_amplification":1,"jujutsucraft:cursed_technique_changer":8,"jujutsucraft:clothes_miguel_chestplate":1,"minecraft:snowball":3,"jujutsucraft:item_master_falling_blossom_emotion":1,"jujutsucraft:clothes_nanami_leggings":1,"jujutsucraft:uniform_normal_boots":1,"jujutsucraft:item_master_reverse_cursed_technique":2,"jujutsucraft:clothes_nanami_helmet":2,"jujutsucraft:clothes_nanami_chestplate":1},"minecraft:mined":{"minecraft:jungle_sign":1,"minecraft:grass":2,"minecraft:grass_block":4,"minecraft:dirt":2},"minecraft:picked_up":{"jujutsucraft:item_insect":1,"minecraft:sculk":5,"jujutsucraft:uniform_normal_boots":1,"minecraft:enchanted_book":2,"jujutsucraft:cursed_technique_changer":1,"jujutsucraft:clothes_nanami_helmet":1,"jujutsucraft:tiger_funeral_spawn_egg":1,"jujutsucraft:uniform_normal_chestplate":1,"jujutsucraft:charles_bernard_spawn_egg":1,"jujutsucraft:takaba_fumihiko_spawn_egg":1,"minecraft:dirt":7,"minecraft:disc_fragment_5":1,"jujutsucraft:uniform_normal_leggings":1,"minecraft:soul_lantern":1,"minecraft:echo_shard":1,"jujutsucraft:uraume_spawn_egg":1,"jujutsucraft:clothes_miguel_chestplate":1,"minecraft:saddle":1,"scalinghealth:cursed_heart":1,"minecraft:enchanted_golden_apple":64,"minecraft:glow_berries":3,"minecraft:coal":3,"minecraft:snowball":7},"minecraft:custom":{"minecraft:time_since_rest":3057,"minecraft:sprint_one_cm":383643,"minecraft:damage_absorbed":160,"minecraft:damage_taken":22647,"minecraft:walk_one_cm":390313,"minecraft:mob_kills":9,"minecraft:drop":33,"minecraft:damage_dealt":48,"minecraft:swim_one_cm":5963,"minecraft:fly_one_cm":1377488,"minecraft:player_kills":8,"minecraft:crouch_one_cm":18770,"minecraft:play_time":112369,"minecraft:deaths":21,"minecraft:sneak_time":5004,"minecraft:walk_under_water_one_cm":2721,"minecraft:damage_dealt_resisted":21668,"minecraft:jump":2082,"minecraft:leave_game":10,"minecraft:time_since_death":3025,"minecraft:walk_on_water_one_cm":6083,"minecraft:total_world_time":112369,"minecraft:damage_resisted":74159,"minecraft:fall_one_cm":141293},"minecraft:used":{"jujutsucraft:clothes_zenin_boots":1,"jujutsucraft:hiten":1,"jujutsucraft:clothes_sukuna_fushiguro_chestplate":1,"minecraft:dirt":1,"jujutsucraft:sukuna_finger":20,"jujutsucraft:zenin_naoya_cursed_spirit_1_spawn_egg":1,"jujutsucraft:clothes_fushiguro_toji_leggings":1,"minecraft:snowball":4,"minecraft:enchanted_golden_apple":1}},"DataVersion":3465}