{"stats":{"minecraft:dropped":{"jujutsucraft:cursed_technique_changer":1},"minecraft:custom":{"minecraft:time_since_rest":1939,"minecraft:crouch_one_cm":3752,"minecraft:sprint_one_cm":38555,"minecraft:play_time":15714,"minecraft:deaths":2,"minecraft:damage_taken":972,"minecraft:walk_one_cm":53246,"minecraft:sneak_time":919,"minecraft:walk_under_water_one_cm":73,"minecraft:mob_kills":43,"minecraft:drop":1,"minecraft:damage_dealt_resisted":277,"minecraft:jump":406,"minecraft:damage_dealt":49,"minecraft:leave_game":2,"minecraft:walk_on_water_one_cm":454,"minecraft:time_since_death":1905,"minecraft:total_world_time":15714,"minecraft:swim_one_cm":2752,"minecraft:fall_one_cm":9586,"minecraft:fly_one_cm":89763},"minecraft:used":{"jujutsucraft:sword_black":2,"jujutsucraft:cursed_spirit_armoury_chestplate":1,"minecraft:sand":2,"jujutsucraft:uniform_normal_leggings":1,"jujutsucraft:uniform_normal_boots":1,"jujutsucraft:uniform_normal_chestplate":1},"minecraft:killed":{"jujutsucraft:rabbit_escape":38,"jujutsucraft:cursed_spirit_grade_32":1,"jujutsucraft:cursed_spirit_grade_317":2,"jujutsucraft:cursed_spirit_grade_34":1,"jujutsucraft:cursed_spirit_grade_316":1},"minecraft:picked_up":{"jujutsucraft:uniform_normal_leggings":1,"jujutsucraft:uniform_normal_boots":1,"jujutsucraft:sword_black":2,"jujutsucraft:cursed_technique_changer":1,"minecraft:sand":2,"jujutsucraft:uniform_normal_chestplate":1,"jujutsucraft:cursed_spirit_armoury_chestplate":1,"scalinghealth:heart_crystal":1},"minecraft:killed_by":{"jujutsucraft:curse_user_1":1,"jujutsucraft:cursed_spirit_grade_34":1},"minecraft:mined":{"minecraft:grass":3,"minecraft:dead_bush":1,"minecraft:sand":1}},"DataVersion":3465}