{"stats":{"minecraft:custom":{"minecraft:jump":143,"minecraft:time_since_rest":613,"minecraft:damage_taken":423,"minecraft:crouch_one_cm":264,"minecraft:leave_game":1,"minecraft:play_time":3616,"minecraft:sprint_one_cm":12515,"minecraft:time_since_death":59,"minecraft:walk_one_cm":13049,"minecraft:deaths":1,"minecraft:sneak_time":42,"minecraft:total_world_time":3616,"minecraft:fly_one_cm":36951,"minecraft:fall_one_cm":3918,"minecraft:damage_dealt_resisted":0},"minecraft:used":{"jujutsucraft:cursed_spirit_armoury_chestplate":1,"minecraft:sand":1},"minecraft:picked_up":{"jujutsucraft:sword_black":1,"minecraft:sand":1},"minecraft:killed_by":{"jujutsucraft:cursed_spirit_grade_34":1},"minecraft:mined":{"minecraft:dead_bush":1,"minecraft:sand":1}},"DataVersion":3465}