{"stats":{"minecraft:killed":{"minecraft:rabbit":1},"minecraft:killed_by":{"jujutsucraft:sukuna_perfect":1,"jujutsucraft:mahito":1},"minecraft:dropped":{"jujutsucraft:weapon_nanami":1,"jujutsucraft:item_insect":1,"jujutsucraft:recommendation_1":6,"jujutsucraft:cursed_technique_changer":3,"minecraft:snowball":3,"jujutsucraft:clothes_nanami_leggings":1,"jujutsucraft:uniform_normal_boots":1,"jujutsucraft:item_master_reverse_cursed_technique":2,"jujutsucraft:clothes_nanami_helmet":1,"jujutsucraft:clothes_nanami_chestplate":1},"minecraft:mined":{"minecraft:jungle_sign":1,"minecraft:grass":1,"minecraft:grass_block":4,"minecraft:dirt":2},"minecraft:picked_up":{"jujutsucraft:item_insect":1,"jujutsucraft:uniform_normal_boots":1,"jujutsucraft:cursed_technique_changer":1,"jujutsucraft:tiger_funeral_spawn_egg":1,"jujutsucraft:uniform_normal_chestplate":1,"jujutsucraft:charles_bernard_spawn_egg":1,"jujutsucraft:takaba_fumihiko_spawn_egg":1,"minecraft:dirt":7,"jujutsucraft:uniform_normal_leggings":1,"minecraft:enchanted_golden_apple":64,"minecraft:snowball":7},"minecraft:custom":{"minecraft:time_since_rest":14155,"minecraft:sprint_one_cm":58728,"minecraft:walk_one_cm":111535,"minecraft:damage_taken":3365,"minecraft:damage_absorbed":160,"minecraft:mob_kills":1,"minecraft:drop":20,"minecraft:damage_dealt":48,"minecraft:player_kills":3,"minecraft:fly_one_cm":233018,"minecraft:crouch_one_cm":7702,"minecraft:play_time":34977,"minecraft:deaths":2,"minecraft:sneak_time":1790,"minecraft:walk_under_water_one_cm":107,"minecraft:jump":663,"minecraft:damage_dealt_resisted":86,"minecraft:leave_game":1,"minecraft:time_since_death":14102,"minecraft:walk_on_water_one_cm":1405,"minecraft:total_world_time":34977,"minecraft:damage_resisted":787,"minecraft:fall_one_cm":21863},"minecraft:used":{"jujutsucraft:clothes_zenin_boots":1,"jujutsucraft:clothes_sukuna_fushiguro_chestplate":1,"minecraft:dirt":1,"jujutsucraft:clothes_fushiguro_toji_leggings":1,"minecraft:snowball":4,"minecraft:enchanted_golden_apple":1}},"DataVersion":3465}