{"stats":{"minecraft:killed":{"minecraft:rabbit":1},"minecraft:killed_by":{"jujutsucraft:sukuna_perfect":2,"jujutsucraft:mahito":1},"minecraft:dropped":{"jujutsucraft:weapon_nanami":1,"jujutsucraft:item_insect":1,"jujutsucraft:recommendation_2":1,"jujutsucraft:recommendation_1":6,"jujutsucraft:item_master_domain_expansion":1,"jujutsucraft:item_master_domain_amplification":1,"jujutsucraft:cursed_technique_changer":5,"jujutsucraft:clothes_miguel_chestplate":1,"minecraft:snowball":3,"jujutsucraft:item_master_falling_blossom_emotion":1,"jujutsucraft:clothes_nanami_leggings":1,"jujutsucraft:uniform_normal_boots":1,"jujutsucraft:item_master_reverse_cursed_technique":2,"jujutsucraft:clothes_nanami_helmet":2,"jujutsucraft:clothes_nanami_chestplate":1},"minecraft:mined":{"minecraft:jungle_sign":1,"minecraft:grass":1,"minecraft:grass_block":4,"minecraft:dirt":2},"minecraft:picked_up":{"jujutsucraft:item_insect":1,"jujutsucraft:uniform_normal_boots":1,"jujutsucraft:cursed_technique_changer":1,"jujutsucraft:clothes_nanami_helmet":1,"jujutsucraft:tiger_funeral_spawn_egg":1,"jujutsucraft:uniform_normal_chestplate":1,"jujutsucraft:charles_bernard_spawn_egg":1,"jujutsucraft:takaba_fumihiko_spawn_egg":1,"minecraft:dirt":7,"jujutsucraft:uniform_normal_leggings":1,"jujutsucraft:clothes_miguel_chestplate":1,"minecraft:enchanted_golden_apple":64,"minecraft:snowball":7},"minecraft:custom":{"minecraft:time_since_rest":6425,"minecraft:sprint_one_cm":162343,"minecraft:damage_taken":6987,"minecraft:damage_absorbed":160,"minecraft:walk_one_cm":183682,"minecraft:mob_kills":1,"minecraft:drop":28,"minecraft:damage_dealt":48,"minecraft:fly_one_cm":434489,"minecraft:player_kills":4,"minecraft:crouch_one_cm":11405,"minecraft:play_time":59907,"minecraft:deaths":5,"minecraft:sneak_time":2795,"minecraft:walk_under_water_one_cm":107,"minecraft:jump":1190,"minecraft:damage_dealt_resisted":1734,"minecraft:leave_game":4,"minecraft:time_since_death":6388,"minecraft:walk_on_water_one_cm":1405,"minecraft:total_world_time":59907,"minecraft:damage_resisted":15291,"minecraft:fall_one_cm":48215},"minecraft:used":{"jujutsucraft:clothes_zenin_boots":1,"jujutsucraft:clothes_sukuna_fushiguro_chestplate":1,"minecraft:dirt":1,"jujutsucraft:clothes_fushiguro_toji_leggings":1,"minecraft:snowball":4,"minecraft:enchanted_golden_apple":1}},"DataVersion":3465}