{"stats":{"minecraft:killed_by":{"jujutsucraft:sukuna_perfect":1,"jujutsucraft:mahito":1},"minecraft:dropped":{"jujutsucraft:weapon_nanami":1,"minecraft:snowball":3,"jujutsucraft:cursed_technique_changer":2},"minecraft:mined":{"minecraft:grass":1,"minecraft:grass_block":4,"minecraft:dirt":2,"minecraft:jungle_sign":1},"minecraft:picked_up":{"jujutsucraft:uniform_normal_leggings":1,"jujutsucraft:item_insect":1,"jujutsucraft:uniform_normal_boots":1,"jujutsucraft:cursed_technique_changer":1,"jujutsucraft:tiger_funeral_spawn_egg":1,"jujutsucraft:uniform_normal_chestplate":1,"minecraft:enchanted_golden_apple":64,"jujutsucraft:charles_bernard_spawn_egg":1,"jujutsucraft:takaba_fumihiko_spawn_egg":1,"minecraft:snowball":7,"minecraft:dirt":6},"minecraft:custom":{"minecraft:time_since_rest":2155,"minecraft:damage_absorbed":160,"minecraft:crouch_one_cm":6579,"minecraft:sprint_one_cm":15644,"minecraft:play_time":22977,"minecraft:deaths":2,"minecraft:damage_taken":2575,"minecraft:walk_one_cm":65775,"minecraft:sneak_time":1465,"minecraft:walk_under_water_one_cm":107,"minecraft:drop":6,"minecraft:damage_dealt_resisted":33,"minecraft:jump":279,"minecraft:damage_dealt":48,"minecraft:walk_on_water_one_cm":1405,"minecraft:leave_game":1,"minecraft:time_since_death":2102,"minecraft:damage_resisted":219,"minecraft:total_world_time":22977,"minecraft:fly_one_cm":94222,"minecraft:fall_one_cm":8932},"minecraft:used":{"jujutsucraft:clothes_zenin_boots":1,"jujutsucraft:clothes_fushiguro_toji_leggings":1,"minecraft:enchanted_golden_apple":1,"minecraft:snowball":4,"jujutsucraft:clothes_sukuna_fushiguro_chestplate":1}},"DataVersion":3465}