{"stats":{"minecraft:killed":{"minecraft:rabbit":1},"minecraft:killed_by":{"jujutsucraft:sukuna_perfect":3,"jujutsucraft:sukuna":1,"jujutsucraft:mahito":1},"minecraft:dropped":{"jujutsucraft:weapon_nanami":1,"jujutsucraft:item_insect":1,"jujutsucraft:recommendation_2":1,"jujutsucraft:recommendation_1":6,"jujutsucraft:item_master_domain_expansion":1,"jujutsucraft:item_master_domain_amplification":1,"jujutsucraft:cursed_technique_changer":6,"jujutsucraft:clothes_miguel_chestplate":1,"minecraft:snowball":3,"jujutsucraft:item_master_falling_blossom_emotion":1,"jujutsucraft:clothes_nanami_leggings":1,"jujutsucraft:uniform_normal_boots":1,"jujutsucraft:item_master_reverse_cursed_technique":2,"jujutsucraft:clothes_nanami_helmet":2,"jujutsucraft:clothes_nanami_chestplate":1},"minecraft:mined":{"minecraft:jungle_sign":1,"minecraft:grass":2,"minecraft:grass_block":4,"minecraft:dirt":2},"minecraft:picked_up":{"jujutsucraft:item_insect":1,"jujutsucraft:uniform_normal_boots":1,"jujutsucraft:cursed_technique_changer":1,"jujutsucraft:clothes_nanami_helmet":1,"jujutsucraft:tiger_funeral_spawn_egg":1,"jujutsucraft:uniform_normal_chestplate":1,"jujutsucraft:charles_bernard_spawn_egg":1,"jujutsucraft:takaba_fumihiko_spawn_egg":1,"minecraft:dirt":7,"jujutsucraft:uniform_normal_leggings":1,"jujutsucraft:clothes_miguel_chestplate":1,"scalinghealth:cursed_heart":1,"minecraft:enchanted_golden_apple":64,"minecraft:snowball":7},"minecraft:custom":{"minecraft:time_since_rest":563,"minecraft:sprint_one_cm":205769,"minecraft:damage_absorbed":160,"minecraft:damage_taken":9130,"minecraft:walk_one_cm":228418,"minecraft:mob_kills":1,"minecraft:drop":29,"minecraft:damage_dealt":48,"minecraft:fly_one_cm":659072,"minecraft:player_kills":5,"minecraft:crouch_one_cm":12431,"minecraft:play_time":70030,"minecraft:deaths":8,"minecraft:sneak_time":3109,"minecraft:walk_under_water_one_cm":107,"minecraft:jump":1414,"minecraft:damage_dealt_resisted":2588,"minecraft:leave_game":4,"minecraft:time_since_death":533,"minecraft:walk_on_water_one_cm":1405,"minecraft:total_world_time":70030,"minecraft:damage_resisted":23846,"minecraft:fall_one_cm":64972},"minecraft:used":{"jujutsucraft:clothes_zenin_boots":1,"jujutsucraft:hiten":1,"jujutsucraft:clothes_sukuna_fushiguro_chestplate":1,"jujutsucraft:sukuna_finger":1,"minecraft:dirt":1,"jujutsucraft:zenin_naoya_cursed_spirit_1_spawn_egg":1,"jujutsucraft:clothes_fushiguro_toji_leggings":1,"minecraft:snowball":4,"minecraft:enchanted_golden_apple":1}},"DataVersion":3465}