{"stats":{"minecraft:picked_up":{"jujutsucraft:uniform_normal_leggings":1,"jujutsucraft:cursed_technique_changer":1,"jujutsucraft:tiger_funeral_spawn_egg":1,"jujutsucraft:uniform_normal_chestplate":1,"jujutsucraft:item_insect":1,"jujutsucraft:charles_bernard_spawn_egg":1,"jujutsucraft:takaba_fumihiko_spawn_egg":1,"jujutsucraft:uniform_normal_boots":1},"minecraft:custom":{"minecraft:jump":30,"minecraft:time_since_rest":5370,"minecraft:leave_game":1,"minecraft:damage_dealt":48,"minecraft:crouch_one_cm":868,"minecraft:sprint_one_cm":2296,"minecraft:play_time":5370,"minecraft:time_since_death":5370,"minecraft:walk_one_cm":16058,"minecraft:sneak_time":119,"minecraft:total_world_time":5370,"minecraft:fly_one_cm":13196,"minecraft:damage_dealt_resisted":33}},"DataVersion":3465}