{"stats":{"minecraft:killed_by":{"jujutsucraft:sukuna_perfect":1,"minecraft:player":3,"jujutsucraft:mahito":1},"minecraft:dropped":{"jujutsucraft:uniform_normal_leggings":1,"jujutsucraft:tiger_funeral_spawn_egg":2,"jujutsucraft:cursed_technique_changer":1,"jujutsucraft:clothes_miguel_boots":1,"jujutsucraft:nail":1,"minecraft:enchanted_golden_apple":64,"jujutsucraft:clothes_nanami_leggings":2,"jujutsucraft:clothes_nanami_helmet":2,"jujutsucraft:uniform_normal_chestplate":1,"jujutsucraft:yorozu_spawn_egg":1,"jujutsucraft:takaba_fumihiko_spawn_egg":3,"jujutsucraft:charles_bernard_spawn_egg":2,"jujutsucraft:clothes_miguel_leggings":1,"jujutsucraft:item_insect":1,"jujutsucraft:clothes_miguel_chestplate":1,"minecraft:jungle_sign":1,"jujutsucraft:divine_dog_totality_spawn_egg":1,"jujutsucraft:uniform_normal_boots":3,"jujutsucraft:clothes_nanami_chestplate":2},"minecraft:mined":{"minecraft:snow_block":22,"minecraft:grass_block":4,"minecraft:cobblestone":1,"minecraft:snow":47,"minecraft:grass":1,"minecraft:dirt":4,"minecraft:stone":8},"minecraft:picked_up":{"jujutsucraft:recommendation_2":1,"jujutsucraft:divine_dog_totality_spawn_egg":1,"jujutsucraft:recommendation_1":6,"jujutsucraft:uniform_normal_boots":2,"jujutsucraft:cursed_technique_changer":5,"jujutsucraft:charles_bernard_spawn_egg":1,"minecraft:dirt":7,"jujutsucraft:weapon_nanami":1,"jujutsucraft:clothes_miguel_leggings":1,"jujutsucraft:item_insect":1,"jujutsucraft:clothes_nanami_helmet":3,"jujutsucraft:tiger_funeral_spawn_egg":1,"jujutsucraft:yorozu_spawn_egg":1,"jujutsucraft:takaba_fumihiko_spawn_egg":2,"minecraft:jungle_sign":2,"jujutsucraft:clothes_nanami_chestplate":2,"jujutsucraft:item_master_reverse_cursed_technique":2,"jujutsucraft:clothes_nanami_leggings":2,"jujutsucraft:clothes_miguel_chestplate":1,"minecraft:snowball":101,"minecraft:cobblestone":9},"minecraft:custom":{"minecraft:damage_dealt_resisted":68,"minecraft:leave_game":1,"minecraft:time_since_death":12382,"minecraft:damage_resisted":11126,"minecraft:time_since_rest":12413,"minecraft:sprint_one_cm":82832,"minecraft:walk_one_cm":110568,"minecraft:damage_taken":6169,"minecraft:damage_absorbed":319,"minecraft:drop":28,"minecraft:damage_dealt":128,"minecraft:swim_one_cm":827,"minecraft:fly_one_cm":481654,"minecraft:crouch_one_cm":18143,"minecraft:play_time":51100,"minecraft:deaths":5,"minecraft:sneak_time":4918,"minecraft:walk_under_water_one_cm":45,"minecraft:jump":955,"minecraft:walk_on_water_one_cm":2167,"minecraft:total_world_time":51100,"minecraft:fall_one_cm":39950},"minecraft:used":{"jujutsucraft:nishimiya_momo_spawn_egg":1,"jujutsucraft:clothes_jogo_helmet":1,"jujutsucraft:nobara_kugisaki_spawn_egg":1,"jujutsucraft:human_stock_car":9,"jujutsucraft:uniform_normal_boots":3,"jujutsucraft:hakari_kinji_spawn_egg":1,"jujutsucraft:weapon_nanami":85,"jujutsucraft:jujutsu_sorcerer_spawn_egg":2,"jujutsucraft:clothes_jogo_chestplate":1,"jujutsucraft:entity_broom_spawn_egg":1,"minecraft:dirt":1,"jujutsucraft:sukuna_perfect_spawn_egg":3,"jujutsucraft:todo_aoi_spawn_egg":1,"jujutsucraft:yorozu_spawn_egg":1,"jujutsucraft:clothes_nanami_helmet":2,"minecraft:snowball":88,"jujutsucraft:takaba_fumihiko_spawn_egg":15,"jujutsucraft:clothes_zenin_boots":1,"jujutsucraft:kamo_noritoshi_spawn_egg":1,"jujutsucraft:item_doll":3,"jujutsucraft:okkotsu_yuta_culling_game_spawn_egg":1,"jujutsucraft:zenin_naobito_spawn_egg":3,"minecraft:jungle_sign":3,"jujutsucraft:shikigami_pterosaur_spawn_egg":2,"minecraft:cobblestone":1,"jujutsucraft:clothes_nanami_leggings":2,"jujutsucraft:clothes_nanami_chestplate":2,"jujutsucraft:mahito_spawn_egg":1,"minecraft:enchanted_golden_apple":2,"jujutsucraft:tiger_funeral_spawn_egg":1}},"DataVersion":3465}