{"stats":{"minecraft:dropped":{"jujutsucraft:charles_bernard_spawn_egg":2,"jujutsucraft:nail":1,"jujutsucraft:divine_dog_totality_spawn_egg":1,"jujutsucraft:item_insect":1,"jujutsucraft:uniform_normal_leggings":1,"jujutsucraft:tiger_funeral_spawn_egg":2,"jujutsucraft:uniform_normal_boots":1,"jujutsucraft:uniform_normal_chestplate":1,"jujutsucraft:cursed_technique_changer":1,"jujutsucraft:yorozu_spawn_egg":1,"jujutsucraft:takaba_fumihiko_spawn_egg":3},"minecraft:picked_up":{"jujutsucraft:divine_dog_totality_spawn_egg":1,"jujutsucraft:tiger_funeral_spawn_egg":1,"jujutsucraft:charles_bernard_spawn_egg":1,"jujutsucraft:yorozu_spawn_egg":1,"jujutsucraft:takaba_fumihiko_spawn_egg":2},"minecraft:custom":{"minecraft:time_since_rest":5543,"minecraft:crouch_one_cm":250,"minecraft:play_time":5543,"minecraft:sprint_one_cm":3314,"minecraft:walk_one_cm":15652,"minecraft:sneak_time":41,"minecraft:drop":15,"minecraft:damage_dealt_resisted":60,"minecraft:jump":23,"minecraft:damage_dealt":100,"minecraft:time_since_death":5543,"minecraft:total_world_time":5543,"minecraft:fly_one_cm":11956},"minecraft:used":{"jujutsucraft:tiger_funeral_spawn_egg":1,"jujutsucraft:shikigami_pterosaur_spawn_egg":1,"jujutsucraft:takaba_fumihiko_spawn_egg":15}},"DataVersion":3465}