{"stats":{"minecraft:crafted":{"minecraft:crafting_table":1,"minecraft:spruce_planks":16,"minecraft:chest":1},"minecraft:killed_by":{"jujutsucraft:sukuna_fushiguro":3,"jujutsucraft:sukuna_perfect":12,"minecraft:player":8,"jujutsucraft:mahito":1,"jujutsucraft:uraume":1,"jujutsucraft:sukuna":2},"minecraft:killed":{"jujutsucraft:uraume":1,"jujutsucraft:ice_spear_2":1,"minecraft:warden":1,"jujutsucraft:ice_spear":1},"minecraft:dropped":{"jujutsucraft:uniform_normal_leggings":1,"jujutsucraft:tiger_funeral_spawn_egg":2,"jujutsucraft:clothes_jogo_helmet":1,"jujutsucraft:cursed_technique_changer":1,"jujutsucraft:clothes_miguel_boots":1,"jujutsucraft:nail":1,"minecraft:enchanted_golden_apple":64,"jujutsucraft:clothes_nanami_leggings":2,"jujutsucraft:clothes_nanami_helmet":2,"jujutsucraft:uniform_normal_chestplate":1,"jujutsucraft:yorozu_spawn_egg":1,"jujutsucraft:takaba_fumihiko_spawn_egg":3,"jujutsucraft:charles_bernard_spawn_egg":2,"minecraft:dirt":8,"jujutsucraft:clothes_miguel_leggings":1,"jujutsucraft:item_insect":1,"jujutsucraft:sukuna_perfect_spawn_egg":1,"jujutsucraft:clothes_miguel_chestplate":1,"jujutsucraft:uraume_spawn_egg":1,"minecraft:jungle_sign":1,"jujutsucraft:divine_dog_totality_spawn_egg":1,"jujutsucraft:uniform_normal_boots":3,"jujutsucraft:clothes_nanami_chestplate":2},"minecraft:mined":{"minecraft:snow_block":22,"minecraft:grass_block":14,"minecraft:chest":1,"minecraft:cobblestone":1,"minecraft:spruce_leaves":1,"minecraft:snow":47,"minecraft:spruce_log":4,"minecraft:grass":1,"minecraft:dirt":13,"minecraft:stone":8},"minecraft:picked_up":{"jujutsucraft:recommendation_2":1,"jujutsucraft:divine_dog_totality_spawn_egg":1,"jujutsucraft:recommendation_1":6,"jujutsucraft:uniform_normal_boots":2,"jujutsucraft:item_master_domain_expansion":1,"minecraft:enchanted_book":1,"jujutsucraft:cursed_technique_changer":8,"jujutsucraft:sukuna_perfect_spawn_egg":128,"jujutsucraft:charles_bernard_spawn_egg":1,"jujutsucraft:clothes_zenin_boots":1,"minecraft:dirt":33,"jujutsucraft:weapon_nanami":1,"minecraft:bone":3,"jujutsucraft:clothes_jogo_helmet":1,"jujutsucraft:item_master_domain_amplification":1,"minecraft:chest":1,"jujutsucraft:clothes_miguel_leggings":1,"jujutsucraft:sukuna_spawn_egg":128,"scalinghealth:heart_crystal_shard":8,"minecraft:stone":3,"jujutsucraft:item_insect":1,"jujutsucraft:clothes_nanami_helmet":3,"jujutsucraft:tiger_funeral_spawn_egg":1,"minecraft:spruce_log":4,"minecraft:grass_block":1,"jujutsucraft:yorozu_spawn_egg":1,"jujutsucraft:takaba_fumihiko_spawn_egg":2,"jujutsucraft:hiten":1,"minecraft:jungle_sign":2,"jujutsucraft:clothes_nanami_chestplate":2,"jujutsucraft:sukuna_fushiguro_spawn_egg":128,"jujutsucraft:item_master_reverse_cursed_technique":2,"jujutsucraft:uraume_spawn_egg":128,"jujutsucraft:clothes_nanami_leggings":2,"jujutsucraft:clothes_miguel_chestplate":1,"jujutsucraft:item_master_falling_blossom_emotion":1,"minecraft:glow_berries":8,"minecraft:coal":1,"jujutsucraft:item_master_six_eyes":2,"minecraft:snowball":101,"minecraft:cobblestone":9},"minecraft:custom":{"minecraft:mob_kills":51,"minecraft:interact_with_crafting_table":1,"minecraft:damage_dealt_resisted":43030,"minecraft:leave_game":1,"minecraft:time_since_death":2723,"minecraft:damage_resisted":92752,"minecraft:time_since_rest":3057,"minecraft:open_enderchest":8,"minecraft:sprint_one_cm":302673,"minecraft:walk_one_cm":263713,"minecraft:damage_taken":31060,"minecraft:damage_absorbed":319,"minecraft:drop":33,"minecraft:damage_dealt":507,"minecraft:swim_one_cm":971,"minecraft:fly_one_cm":1204148,"minecraft:player_kills":3,"minecraft:open_chest":3,"minecraft:crouch_one_cm":46942,"minecraft:play_time":123100,"minecraft:deaths":34,"minecraft:sneak_time":13737,"minecraft:walk_under_water_one_cm":1029,"minecraft:jump":2446,"minecraft:walk_on_water_one_cm":6648,"minecraft:total_world_time":123100,"minecraft:fall_one_cm":222794},"minecraft:used":{"jujutsucraft:nishimiya_momo_spawn_egg":1,"jujutsucraft:clothes_jogo_helmet":1,"jujutsucraft:nobara_kugisaki_spawn_egg":1,"jujutsucraft:uraume_spawn_egg":5,"minecraft:ender_chest":7,"minecraft:chest":2,"jujutsucraft:human_stock_car":9,"jujutsucraft:uniform_normal_boots":3,"jujutsucraft:hakari_kinji_spawn_egg":1,"jujutsucraft:weapon_nanami":85,"jujutsucraft:jujutsu_sorcerer_spawn_egg":2,"jujutsucraft:clothes_jogo_chestplate":1,"jujutsucraft:entity_broom_spawn_egg":1,"minecraft:dirt":21,"jujutsucraft:sukuna_perfect_spawn_egg":11,"minecraft:crafting_table":1,"jujutsucraft:todo_aoi_spawn_egg":1,"jujutsucraft:yorozu_spawn_egg":1,"jujutsucraft:clothes_nanami_helmet":2,"minecraft:snowball":88,"jujutsucraft:takaba_fumihiko_spawn_egg":15,"jujutsucraft:clothes_zenin_boots":1,"jujutsucraft:kamo_noritoshi_spawn_egg":1,"jujutsucraft:item_doll":3,"jujutsucraft:okkotsu_yuta_culling_game_spawn_egg":1,"jujutsucraft:zenin_naobito_spawn_egg":3,"minecraft:bedrock":39,"minecraft:jungle_sign":3,"jujutsucraft:shikigami_pterosaur_spawn_egg":2,"minecraft:cobblestone":1,"jujutsucraft:clothes_nanami_leggings":2,"jujutsucraft:clothes_nanami_chestplate":2,"jujutsucraft:sukuna_spawn_egg":3,"jujutsucraft:mahito_spawn_egg":1,"minecraft:enchanted_golden_apple":2,"jujutsucraft:sukuna_fushiguro_spawn_egg":3,"jujutsucraft:tiger_funeral_spawn_egg":1}},"DataVersion":3465}