{"stats":{"minecraft:crafted":{"minecraft:oak_planks":16,"minecraft:crafting_table":1,"minecraft:stick":4,"minecraft:wooden_pickaxe":1},"minecraft:dropped":{"minecraft:dirt":4,"jujutsucraft:uniform_normal_leggings":1,"minecraft:sand":2,"jujutsucraft:uniform_normal_chestplate":1},"minecraft:custom":{"minecraft:time_since_rest":1405,"minecraft:sprint_one_cm":27213,"minecraft:damage_taken":1368,"minecraft:walk_one_cm":29344,"minecraft:mob_kills":2,"minecraft:drop":5,"minecraft:damage_dealt":9,"minecraft:swim_one_cm":4508,"minecraft:interact_with_crafting_table":1,"minecraft:fly_one_cm":83081,"minecraft:crouch_one_cm":2041,"minecraft:play_time":13468,"minecraft:deaths":2,"minecraft:sneak_time":658,"minecraft:walk_under_water_one_cm":752,"minecraft:jump":305,"minecraft:damage_dealt_resisted":3,"minecraft:time_since_death":1376,"minecraft:walk_on_water_one_cm":450,"minecraft:total_world_time":13468,"minecraft:fall_one_cm":10855},"minecraft:used":{"jujutsucraft:uniform_gojo_helmet":1,"minecraft:wooden_pickaxe":6,"jujutsucraft:uniform_gojo_leggings":1,"jujutsucraft:uniform_gojo_boots":1,"minecraft:crafting_table":1,"jujutsucraft:uniform_gojo_chestplate":1},"minecraft:killed":{"jujutsucraft:rabbit_escape":2},"minecraft:picked_up":{"minecraft:stick":1,"minecraft:crafting_table":1,"jujutsucraft:item_insect":1,"minecraft:jungle_log":2,"jujutsucraft:cursed_technique_changer":1,"minecraft:sand":3,"minecraft:oak_log":4,"jujutsucraft:uniform_normal_chestplate":1,"scalinghealth:heart_crystal":1,"minecraft:dirt":4,"jujutsucraft:uniform_normal_leggings":1},"minecraft:killed_by":{"jujutsucraft:curse_user_1":1},"minecraft:mined":{"minecraft:birch_leaves":3,"minecraft:crafting_table":1,"minecraft:grass":2,"minecraft:grass_block":3,"minecraft:oak_log":4,"minecraft:flowering_azalea_leaves":1,"minecraft:dead_bush":2,"minecraft:jungle_log":2,"minecraft:dirt":1,"minecraft:sand":2,"minecraft:fern":1}},"DataVersion":3465}