{"stats":{"minecraft:killed_by":{"jujutsucraft:mahito":1},"minecraft:dropped":{"jujutsucraft:charles_bernard_spawn_egg":2,"jujutsucraft:item_insect":1,"jujutsucraft:tiger_funeral_spawn_egg":2,"jujutsucraft:uniform_normal_leggings":1,"jujutsucraft:cursed_technique_changer":1,"minecraft:jungle_sign":1,"jujutsucraft:nail":1,"jujutsucraft:divine_dog_totality_spawn_egg":1,"jujutsucraft:uniform_normal_boots":1,"jujutsucraft:uniform_normal_chestplate":1,"jujutsucraft:takaba_fumihiko_spawn_egg":3,"jujutsucraft:yorozu_spawn_egg":1},"minecraft:mined":{"minecraft:grass":1,"minecraft:grass_block":1},"minecraft:picked_up":{"jujutsucraft:divine_dog_totality_spawn_egg":1,"jujutsucraft:cursed_technique_changer":1,"jujutsucraft:tiger_funeral_spawn_egg":1,"jujutsucraft:charles_bernard_spawn_egg":1,"jujutsucraft:yorozu_spawn_egg":1,"jujutsucraft:takaba_fumihiko_spawn_egg":2,"minecraft:dirt":1,"minecraft:jungle_sign":2},"minecraft:custom":{"minecraft:time_since_rest":3270,"minecraft:sprint_one_cm":9446,"minecraft:damage_taken":609,"minecraft:walk_one_cm":33922,"minecraft:drop":16,"minecraft:damage_dealt":128,"minecraft:fly_one_cm":158348,"minecraft:crouch_one_cm":3241,"minecraft:play_time":17543,"minecraft:deaths":1,"minecraft:sneak_time":1173,"minecraft:jump":111,"minecraft:damage_dealt_resisted":68,"minecraft:time_since_death":3240,"minecraft:total_world_time":17543,"minecraft:fall_one_cm":3158},"minecraft:used":{"jujutsucraft:tiger_funeral_spawn_egg":1,"jujutsucraft:nishimiya_momo_spawn_egg":1,"jujutsucraft:nobara_kugisaki_spawn_egg":1,"jujutsucraft:kamo_noritoshi_spawn_egg":1,"jujutsucraft:item_doll":3,"jujutsucraft:okkotsu_yuta_culling_game_spawn_egg":1,"jujutsucraft:human_stock_car":9,"jujutsucraft:uniform_normal_boots":1,"jujutsucraft:hakari_kinji_spawn_egg":1,"jujutsucraft:jujutsu_sorcerer_spawn_egg":2,"jujutsucraft:zenin_naobito_spawn_egg":3,"minecraft:jungle_sign":3,"jujutsucraft:entity_broom_spawn_egg":1,"minecraft:dirt":1,"jujutsucraft:sukuna_perfect_spawn_egg":2,"jujutsucraft:shikigami_pterosaur_spawn_egg":2,"jujutsucraft:clothes_nanami_leggings":1,"jujutsucraft:todo_aoi_spawn_egg":1,"jujutsucraft:yorozu_spawn_egg":1,"jujutsucraft:clothes_nanami_chestplate":1,"jujutsucraft:clothes_nanami_helmet":1,"jujutsucraft:mahito_spawn_egg":1,"jujutsucraft:takaba_fumihiko_spawn_egg":15}},"DataVersion":3465}