{"stats":{"minecraft:custom":{"minecraft:jump":61,"minecraft:time_since_rest":195,"minecraft:crouch_one_cm":141,"minecraft:deaths":1,"minecraft:sprint_one_cm":5773,"minecraft:play_time":1468,"minecraft:damage_taken":396,"minecraft:time_since_death":0,"minecraft:walk_one_cm":5591,"minecraft:sneak_time":39,"minecraft:total_world_time":1468,"minecraft:fall_one_cm":2401,"minecraft:fly_one_cm":14985,"minecraft:damage_dealt_resisted":0},"minecraft:picked_up":{"minecraft:stick":1},"minecraft:mined":{"minecraft:dead_bush":2}},"DataVersion":3465}