{"stats":{"minecraft:killed_by":{"jujutsucraft:sukuna_perfect":1,"jujutsucraft:mahito":1},"minecraft:dropped":{"jujutsucraft:charles_bernard_spawn_egg":2,"jujutsucraft:item_insect":1,"jujutsucraft:tiger_funeral_spawn_egg":2,"jujutsucraft:uniform_normal_leggings":1,"jujutsucraft:cursed_technique_changer":1,"minecraft:jungle_sign":1,"jujutsucraft:nail":1,"minecraft:enchanted_golden_apple":64,"jujutsucraft:divine_dog_totality_spawn_egg":1,"jujutsucraft:uniform_normal_boots":1,"jujutsucraft:uniform_normal_chestplate":1,"jujutsucraft:takaba_fumihiko_spawn_egg":3,"jujutsucraft:yorozu_spawn_egg":1},"minecraft:mined":{"minecraft:snow_block":22,"minecraft:snow":47,"minecraft:grass":1,"minecraft:grass_block":1,"minecraft:cobblestone":1,"minecraft:stone":8},"minecraft:picked_up":{"jujutsucraft:divine_dog_totality_spawn_egg":1,"jujutsucraft:cursed_technique_changer":2,"jujutsucraft:tiger_funeral_spawn_egg":1,"jujutsucraft:charles_bernard_spawn_egg":1,"jujutsucraft:yorozu_spawn_egg":1,"jujutsucraft:takaba_fumihiko_spawn_egg":2,"minecraft:dirt":1,"minecraft:jungle_sign":2,"jujutsucraft:weapon_nanami":1,"minecraft:cobblestone":9,"minecraft:snowball":101},"minecraft:custom":{"minecraft:time_since_rest":2094,"minecraft:sprint_one_cm":14008,"minecraft:damage_absorbed":319,"minecraft:damage_taken":1768,"minecraft:walk_one_cm":49052,"minecraft:drop":17,"minecraft:damage_dealt":128,"minecraft:swim_one_cm":827,"minecraft:fly_one_cm":223122,"minecraft:crouch_one_cm":11094,"minecraft:play_time":29543,"minecraft:deaths":2,"minecraft:walk_under_water_one_cm":45,"minecraft:sneak_time":3110,"minecraft:jump":233,"minecraft:damage_dealt_resisted":68,"minecraft:walk_on_water_one_cm":2167,"minecraft:time_since_death":2061,"minecraft:total_world_time":29543,"minecraft:damage_resisted":236,"minecraft:fall_one_cm":8030},"minecraft:used":{"jujutsucraft:tiger_funeral_spawn_egg":1,"jujutsucraft:nishimiya_momo_spawn_egg":1,"jujutsucraft:nobara_kugisaki_spawn_egg":1,"jujutsucraft:kamo_noritoshi_spawn_egg":1,"jujutsucraft:item_doll":3,"jujutsucraft:okkotsu_yuta_culling_game_spawn_egg":1,"jujutsucraft:human_stock_car":9,"jujutsucraft:uniform_normal_boots":1,"jujutsucraft:hakari_kinji_spawn_egg":1,"jujutsucraft:weapon_nanami":78,"jujutsucraft:jujutsu_sorcerer_spawn_egg":2,"jujutsucraft:zenin_naobito_spawn_egg":3,"minecraft:jungle_sign":3,"jujutsucraft:entity_broom_spawn_egg":1,"minecraft:cobblestone":1,"minecraft:dirt":1,"jujutsucraft:sukuna_perfect_spawn_egg":3,"jujutsucraft:shikigami_pterosaur_spawn_egg":2,"jujutsucraft:clothes_nanami_leggings":1,"jujutsucraft:todo_aoi_spawn_egg":1,"jujutsucraft:yorozu_spawn_egg":1,"jujutsucraft:clothes_nanami_chestplate":1,"jujutsucraft:clothes_nanami_helmet":1,"jujutsucraft:mahito_spawn_egg":1,"minecraft:snowball":88,"minecraft:enchanted_golden_apple":2,"jujutsucraft:takaba_fumihiko_spawn_egg":15}},"DataVersion":3465}