{"stats":{"minecraft:crafted":{"minecraft:crafting_table":1,"minecraft:spruce_planks":16,"minecraft:chest":1},"minecraft:killed":{"jujutsucraft:ice_spear_2":1},"minecraft:killed_by":{"jujutsucraft:sukuna_fushiguro":2,"jujutsucraft:sukuna_perfect":4,"minecraft:player":5,"jujutsucraft:mahito":1,"jujutsucraft:uraume":1,"jujutsucraft:sukuna":2},"minecraft:dropped":{"jujutsucraft:uniform_normal_leggings":1,"jujutsucraft:tiger_funeral_spawn_egg":2,"jujutsucraft:cursed_technique_changer":1,"jujutsucraft:clothes_miguel_boots":1,"jujutsucraft:nail":1,"minecraft:enchanted_golden_apple":64,"jujutsucraft:clothes_nanami_leggings":2,"jujutsucraft:clothes_nanami_helmet":2,"jujutsucraft:uniform_normal_chestplate":1,"jujutsucraft:yorozu_spawn_egg":1,"jujutsucraft:takaba_fumihiko_spawn_egg":3,"jujutsucraft:charles_bernard_spawn_egg":2,"minecraft:dirt":8,"jujutsucraft:clothes_miguel_leggings":1,"jujutsucraft:item_insect":1,"jujutsucraft:clothes_miguel_chestplate":1,"minecraft:jungle_sign":1,"jujutsucraft:divine_dog_totality_spawn_egg":1,"jujutsucraft:uniform_normal_boots":3,"jujutsucraft:clothes_nanami_chestplate":2},"minecraft:mined":{"minecraft:snow_block":22,"minecraft:grass_block":12,"minecraft:chest":1,"minecraft:cobblestone":1,"minecraft:spruce_leaves":1,"minecraft:snow":47,"minecraft:spruce_log":4,"minecraft:grass":1,"minecraft:dirt":13,"minecraft:stone":8},"minecraft:picked_up":{"jujutsucraft:recommendation_2":1,"jujutsucraft:divine_dog_totality_spawn_egg":1,"jujutsucraft:recommendation_1":6,"jujutsucraft:uniform_normal_boots":2,"jujutsucraft:item_master_domain_expansion":1,"jujutsucraft:cursed_technique_changer":6,"jujutsucraft:sukuna_perfect_spawn_egg":127,"jujutsucraft:charles_bernard_spawn_egg":1,"minecraft:dirt":31,"jujutsucraft:weapon_nanami":1,"jujutsucraft:item_master_domain_amplification":1,"minecraft:chest":1,"jujutsucraft:clothes_miguel_leggings":1,"jujutsucraft:sukuna_spawn_egg":128,"minecraft:stone":3,"jujutsucraft:item_insect":1,"jujutsucraft:clothes_nanami_helmet":3,"jujutsucraft:tiger_funeral_spawn_egg":1,"minecraft:spruce_log":4,"minecraft:grass_block":1,"jujutsucraft:yorozu_spawn_egg":1,"jujutsucraft:takaba_fumihiko_spawn_egg":2,"minecraft:jungle_sign":2,"jujutsucraft:clothes_nanami_chestplate":2,"jujutsucraft:sukuna_fushiguro_spawn_egg":128,"jujutsucraft:item_master_reverse_cursed_technique":2,"jujutsucraft:uraume_spawn_egg":128,"jujutsucraft:clothes_nanami_leggings":2,"jujutsucraft:clothes_miguel_chestplate":1,"jujutsucraft:item_master_falling_blossom_emotion":1,"minecraft:snowball":101,"minecraft:cobblestone":9},"minecraft:custom":{"minecraft:mob_kills":40,"minecraft:interact_with_crafting_table":1,"minecraft:damage_dealt_resisted":6007,"minecraft:leave_game":1,"minecraft:time_since_death":413,"minecraft:damage_resisted":49655,"minecraft:time_since_rest":563,"minecraft:open_enderchest":8,"minecraft:sprint_one_cm":134870,"minecraft:walk_one_cm":158043,"minecraft:damage_taken":16550,"minecraft:damage_absorbed":319,"minecraft:drop":30,"minecraft:damage_dealt":404,"minecraft:swim_one_cm":827,"minecraft:fly_one_cm":796024,"minecraft:open_chest":3,"minecraft:crouch_one_cm":26103,"minecraft:play_time":79141,"minecraft:deaths":16,"minecraft:sneak_time":7841,"minecraft:walk_under_water_one_cm":45,"minecraft:jump":1702,"minecraft:walk_on_water_one_cm":2167,"minecraft:total_world_time":79141,"minecraft:fall_one_cm":104112},"minecraft:used":{"jujutsucraft:nishimiya_momo_spawn_egg":1,"jujutsucraft:clothes_jogo_helmet":1,"jujutsucraft:nobara_kugisaki_spawn_egg":1,"jujutsucraft:uraume_spawn_egg":4,"minecraft:ender_chest":7,"minecraft:chest":2,"jujutsucraft:human_stock_car":9,"jujutsucraft:uniform_normal_boots":3,"jujutsucraft:hakari_kinji_spawn_egg":1,"jujutsucraft:weapon_nanami":85,"jujutsucraft:jujutsu_sorcerer_spawn_egg":2,"jujutsucraft:clothes_jogo_chestplate":1,"jujutsucraft:entity_broom_spawn_egg":1,"minecraft:dirt":19,"jujutsucraft:sukuna_perfect_spawn_egg":6,"minecraft:crafting_table":1,"jujutsucraft:todo_aoi_spawn_egg":1,"jujutsucraft:yorozu_spawn_egg":1,"jujutsucraft:clothes_nanami_helmet":2,"minecraft:snowball":88,"jujutsucraft:takaba_fumihiko_spawn_egg":15,"jujutsucraft:clothes_zenin_boots":1,"jujutsucraft:kamo_noritoshi_spawn_egg":1,"jujutsucraft:item_doll":3,"jujutsucraft:okkotsu_yuta_culling_game_spawn_egg":1,"jujutsucraft:zenin_naobito_spawn_egg":3,"minecraft:jungle_sign":3,"jujutsucraft:shikigami_pterosaur_spawn_egg":2,"minecraft:cobblestone":1,"jujutsucraft:clothes_nanami_leggings":2,"jujutsucraft:clothes_nanami_chestplate":2,"jujutsucraft:sukuna_spawn_egg":3,"jujutsucraft:mahito_spawn_egg":1,"minecraft:enchanted_golden_apple":2,"jujutsucraft:sukuna_fushiguro_spawn_egg":2,"jujutsucraft:tiger_funeral_spawn_egg":1}},"DataVersion":3465}